ID,label,taxa,Phylum,rel abund,module,degree,modularity class,inferred class,weighted degree ,eigenvector centrality ,clustering coeff,No.Triangles,Eccentricity,Closeness Centrality,Harmonic Closeness Centrality,Betweenness Centrality
1,Vicinamibacter silvestris,Vicinamibacter silvestris,Acidobacteria,6.404826486,M1,55,0,38,42.95025277,0.910106236,0.486195286,722,6,0.478510029,0.605988024,367.9701941
2,Stenotrophobacter roseus,Stenotrophobacter roseus,Acidobacteria,0.367985458,M2,26,6,11,19.96011877,0.260011879,0.495384615,161,5,0.465181058,0.530139721,321.7023183
3,Stenotrophobacter namibiensis,Stenotrophobacter namibiensis,Acidobacteria,0.236483921,M2,24,6,6,18.53364927,0.182154923,0.485507246,134,5,0.441798942,0.507684631,409.4161496
4,Stenotrophobacter terrae,Stenotrophobacter terrae,Acidobacteria,0.672054604,M2,32,6,13,24.43496281,0.380036402,0.451612903,224,5,0.48265896,0.55508982,631.1564747
5,Aridibacter nitratireducens,Aridibacter nitratireducens,Acidobacteria,0.217881892,M2,5,6,18,3.880659223,0.014063417,0.6,6,5,0.325536062,0.358083832,63.47639236
6,Luteitalea pratensis,Luteitalea pratensis,Acidobacteria,1.995823877,M1,53,9,37,41.03920656,0.876907169,0.48838897,673,6,0.475783476,0.6,321.6507752
7,Variovorax paradoxus,Variovorax paradoxus,Proteobacteria,0.390320766,M3,4,1,10,3.011786044,0.007187714,0.666666667,4,6,0.254185693,0.293512974,109.1285959
8,Noviherbaspirillum soli,Noviherbaspirillum soli,Proteobacteria,0.123262577,M3,6,1,10,4.432167828,0.011296307,0.6,9,5,0.308687616,0.352195609,67.87623517
9,Skermanella aerolata,Skermanella aerolata,Proteobacteria,0.331875638,M2,22,6,18,1.69E+01,0.097916092,0.467532468,108,5,0.403381643,0.472754491,264.3831973
10,Skermanella stibiiresistens,Skermanella stibiiresistens,Proteobacteria,1.651847265,M2,33,6,18,25.70161855,0.210602953,0.376893939,199,5,0.478510029,0.553093812,990.0136007
11,Nitrospira japonica,Nitrospira japonica,Nitrospirae,1.4418825,M2,42,6,22,31.93862653,0.556556068,0.421602787,363,6,0.48973607,0.58253493,753.810999
12,Nitrospira moscoviensis,Nitrospira moscoviensis,Nitrospirae,0.166645855,M2,26,6,6,19.44041711,0.372171585,0.569230769,185,6,0.44772118,0.520159681,188.7329346
13,Povalibacter uvarum,Povalibacter uvarum,Proteobacteria,0.82421791,M1,63,0,49,49.94214261,1,0.443420379,866,7,0.470422535,0.623210721,387.2355076
14,Steroidobacter denitrificans,Steroidobacter denitrificans,Proteobacteria,1.082136002,M1,57,0,29,44.61518222,0.925487727,0.476190476,760,7,0.451351351,0.599258626,303.0337546
15,Woeseia oceani,Woeseia oceani,Proteobacteria,0.34835356,M1,46,0,35,35.47063971,0.827354091,0.603864734,625,7,0.432642487,0.561833476,70.00643001
16,Anaeromyxobacter sp. K,Anaeromyxobacter sp. K,Proteobacteria,0.182995042,M1,10,0,41,7.285654306,0.203920882,0.822222222,37,7,0.349372385,0.413031081,2.599216434
17,Pirellula staleyi,Pirellula staleyi,Planctomycetes,0.3305883,M2,52,6,52,40.30336881,0.795295054,0.432880845,574,6,0.501501502,0.610978044,1070.932727
18,Planctomycetes bacterium Pla175,Planctomycetes bacterium Pla175,Planctomycetes,0.279352263,M1,56,0,40,4.42E+01,0.933707452,0.5,770,6,0.477142857,0.60748503,371.5605173
19,Chryseolinea serpens,Chryseolinea serpens,Bacteroidetes,0.482043571,M2,24,6,46,18.61206603,0.309577472,0.56884058,157,6,0.421717172,0.498902196,110.9195388
20,Chryseolinea soli,Chryseolinea soli,Bacteroidetes,1.55516821,M1,46,0,2,35.70063818,0.720760946,0.489855072,507,7,0.434895833,0.562731679,213.3607046
21,Ohtaekwangia koreensis,Ohtaekwangia koreensis,Bacteroidetes,0.279609731,M2,37,6,0,28.50161546,0.565088822,0.513513514,342,6,0.442970822,0.543812375,286.8090935
22,Pseudarthrobacter sulfonivorans,Pseudarthrobacter sulfonivorans,Actinobacteria,0.730692832,M2,24,1,10,18.50798106,0.08815465,0.550724638,152,5,0.383908046,0.461776447,296.8748794
23,Arthrobacter sp. Rue61a,Arthrobacter sp. Rue61a,Actinobacteria,0.149717365,M3,16,1,10,12.70152402,0.048830123,0.816666667,98,5,0.336016097,0.400798403,14.65143271
24,Arthrobacter sp. PGP41,Arthrobacter sp. PGP41,Actinobacteria,0.416067518,M3,21,1,10,16.87029809,0.050975063,0.59047619,124,6,0.307550645,0.390718563,123.1785732
25,Pseudarthrobacter phenanthrenivorans,Pseudarthrobacter phenanthrenivorans,Actinobacteria,0.103630678,M3,19,1,10,14.84015882,0.048663729,0.67251462,115,6,0.300359712,0.379441118,20.64301653
26,Pseudarthrobacter sp. NIBRBAC000502772,Pseudarthrobacter sp. NIBRBAC000502772,Actinobacteria,0.415102015,M2,16,1,10,12.10823452,0.063668542,0.566666667,68,4,0.404358354,0.457085828,413.6024586
27,Pseudarthrobacter sp. NIBRBAC000502771,Pseudarthrobacter sp. NIBRBAC000502771,Actinobacteria,0.254377913,M3,17,1,10,13.53408569,0.048940399,0.727941176,99,5,0.336693548,0.402794411,31.68767442
28,Arthrobacter sp. YN,Arthrobacter sp. YN,Actinobacteria,0.299949665,M3,25,1,10,19.45564693,0.061918091,0.543333333,163,5,0.336016097,0.423453094,415.8533216
29,Arthrobacter sp. UKPF54-2,Arthrobacter sp. UKPF54-2,Actinobacteria,0.306901288,M3,20,1,10,15.99092221,0.059737173,0.668421053,127,5,0.356076759,0.429241517,79.27933613
30,Arthrobacter sp. ZXY-2,Arthrobacter sp. ZXY-2,Actinobacteria,0.150296667,M3,17,1,10,12.839167,0.04404051,0.691176471,94,6,0.303636364,0.377245509,26.71761853
31,Arthrobacter sp. U41,Arthrobacter sp. U41,Actinobacteria,0.170765335,M2,1,6,18,0.720272481,0.007278894,0,0,6,0.324271845,0.346207585,0
32,Arthrobacter sp. QXT-31,Arthrobacter sp. QXT-31,Actinobacteria,0.723612475,M3,27,1,10,2.17E+01,0.07315873,0.472934473,166,5,0.384792627,0.469760479,532.2666161
33,Arthrobacter alpinus,Arthrobacter alpinus,Actinobacteria,0.162140173,M2,23,6,10,17.0778693,0.12101872,0.490118577,124,5,0.418546366,0.487225549,475.5014468
34,Arthrobacter sp. KBS0702,Arthrobacter sp. KBS0702,Actinobacteria,0.421667437,M2,27,1,10,20.93328583,0.095933716,0.512820513,180,5,0.387470998,0.471756487,439.6234839
35,Arthrobacter sp. FB24,Arthrobacter sp. FB24,Actinobacteria,0.150618501,M3,18,1,10,14.00023377,0.04952047,0.732026144,112,5,0.323017408,0.393013972,15.4536537
36,Arthrobacter sp. 24S4-2,Arthrobacter sp. 24S4-2,Actinobacteria,0.161689605,M3,14,1,10,11.18506074,0.042303344,0.868131868,79,5,0.32177264,0.383033932,16.28420521
37,Arthrobacter pascens,Arthrobacter pascens,Actinobacteria,0.173726212,M3,18,1,10,14.37546468,0.045598976,0.679738562,104,6,0.300359712,0.376946108,46.56723915
38,Flavisolibacter ginsenosidimutans,Flavisolibacter ginsenosidimutans,Bacteroidetes,0.323636677,M2,17,6,18,12.98715967,0.061715173,0.345588235,47,4,0.397619048,0.455588822,792.8744588
39,Flavisolibacter ginsengiterrae,Flavisolibacter ginsengiterrae,Bacteroidetes,0.126159087,M2,1,6,18,0.721194029,0.001362181,0,0,6,0.253030303,0.273153693,0
40,Flavisolibacter tropicus,Flavisolibacter tropicus,Bacteroidetes,0.199923532,M2,17,6,18,13.01257288,0.095494968,0.602941176,82,5,0.397619048,0.455788423,176.7640692
41,Paraflavitalea soli,Paraflavitalea soli,Bacteroidetes,0.214985382,M2,7,6,46,5.391509056,0.070345549,0.619047619,13,6,0.362255965,0.404590818,7.807119734
42,Flavitalea flava,Flavitalea flava,Bacteroidetes,0.13311071,M2,11,6,18,8.291747808,0.024296963,0.327272727,18,5,0.33805668,0.38992016,308.10316
43,Flavitalea populi,Flavitalea populi,Bacteroidetes,0.115989119,M2,3,6,18,2.298281014,0.007600123,1,3,5,0.297682709,0.325748503,0
44,Ohtaekwangia kribbensis,Ohtaekwangia kribbensis,Bacteroidetes,0.236805755,M2,4,6,46,3.148773193,0.067183449,1,6,7,0.326171875,0.373011121,0
45,Bacillus oryzisoli,Bacillus oryzisoli,Firmicutes,0.332390573,M1,51,0,58,40.60417056,0.874990734,0.549019608,700,7,0.450134771,0.583789564,147.4686589
46,Rhizobacter gummiphilus,Rhizobacter gummiphilus,Proteobacteria,0.512102905,M8,2,2,8,1.511990011,6.38E-04,0,0,1,1,1,1
47,Methylibium petroleiphilum,Methylibium petroleiphilum,Proteobacteria,0.180291633,M8,1,2,8,0.732917011,3.54E-04,0,0,2,0.666666667,0.75,0
48,Rubrivivax gelatinosus,Rubrivivax gelatinosus,Proteobacteria,0.364702747,M7,1,7,36,0.812659919,3.56E-04,0,0,3,0.5,0.611111111,0
49,Metabacillus litoralis,Metabacillus litoralis,Firmicutes,0.219619798,M1,32,0,50,24.7980141,0.534632345,0.633064516,314,7,0.37360179,0.489078985,77.37215637
50,Skermanella rosea,Skermanella rosea,Proteobacteria,0.707520755,M2,27,6,18,20.88423884,0.165153605,0.433048433,152,5,0.453804348,0.523153693,573.7235166
51,Skermanella mucosa,Skermanella mucosa,Proteobacteria,0.18531225,M2,16,6,18,12.3350203,0.130389443,0.608333333,73,6,0.42278481,0.476247505,73.35782495
52,Sphingomonas daechungensis,Sphingomonas daechungensis,Proteobacteria,0.418384726,M3,22,1,10,16.76173693,0.058354928,0.441558442,102,5,0.367032967,0.444211577,491.3764219
53,Sphingomonas sediminicola,Sphingomonas sediminicola,Proteobacteria,0.431322469,M3,17,1,10,12.94151598,0.042923143,0.551470588,75,5,0.336693548,0.402994012,108.2071531
54,Sphingomonas lutea,Sphingomonas lutea,Proteobacteria,0.169349264,M3,18,1,10,13.57486957,0.0471095,0.483660131,74,5,0.36622807,0.431536926,353.1053766
55,Sphingomonas sp. AE3,Sphingomonas sp. AE3,Proteobacteria,0.350027098,M2,19,1,10,14.32350385,0.075324274,0.485380117,83,4,0.403381643,0.465568862,351.4750484
56,Niastella vici,Niastella vici,Bacteroidetes,0.189496097,M9,2,3,12,1.67E+00,7.16E-04,1,1,1,1,1,0
57,Niastella koreensis,Niastella koreensis,Bacteroidetes,0.144825482,M9,2,3,12,1.705368102,7.16E-04,1,1,1,1,1,0
58,Lacibacter cauensis,Lacibacter cauensis,Bacteroidetes,0.127253324,M2,1,6,18,0.728114009,0.002648006,0,0,5,0.284982935,0.30489022,0
59,Oscillatoria nigro-viridis,Oscillatoria nigro-viridis,Cyanobacteria,2.082590432,M5,1,4,43,0.7399894,4.47E-04,0,0,3,0.461538462,0.527777778,0
60,Fimbriimonas ginsengisoli,Fimbriimonas ginsengisoli,Armatimonadetes,0.185634085,M2,3,6,46,2.249864161,0.038698152,1,3,7,0.32938856,0.364727687,0
61,Terrimonas suqianensis,Terrimonas suqianensis,Bacteroidetes,0.136715255,M2,15,6,41,11.19715154,0.192247461,0.628571429,66,6,0.396674584,0.456986028,32.00042316
62,Planctomycetes bacterium Pan153,Planctomycetes bacterium Pan153,Planctomycetes,0.118628162,M1,5,0,58,3.659334898,0.131366014,1,10,7,0.337373737,0.389478186,0
63,Leptolyngbya sp. O-77,Leptolyngbya sp. O-77,Cyanobacteria,0.876097616,M5,3,4,43,2.463577747,0.001339674,1,3,2,0.666666667,0.75,0
64,Nitrosospira briensis,Nitrosospira briensis,Proteobacteria,0.645471082,M6,4,5,17,3.341546178,0.001827637,1,6,1,1,1,0
65,Microvirga subterranea,Microvirga subterranea,Proteobacteria,0.364252179,M2,22,6,18,17.20281512,0.155234226,0.554112554,128,5,0.440633245,0.502195609,158.4773008
66,Paenibacillus sp. JDR-2,Paenibacillus sp. JDR-2,Firmicutes,0.298083026,M1,18,0,21,14.11922306,0.319890425,0.895424837,137,7,0.352320675,0.435885372,1.643458645
67,Paenibacillus castaneae,Paenibacillus castaneae,Firmicutes,0.261715738,M1,19,0,24,14.85754061,0.33891048,0.871345029,149,7,0.354564756,0.440875392,2.263594676
68,Paenibacillus prosopidis,Paenibacillus prosopidis,Firmicutes,0.24845616,M1,24,0,20,18.28116256,0.431876735,0.768115942,212,7,0.36622807,0.464128885,8.263475843
69,Nitrosospira lacus,Nitrosospira lacus,Proteobacteria,0.210029132,M6,4,5,17,3.204570651,0.001827637,1,6,1,1,1,0
70,Litorilinea aerophila,Litorilinea aerophila,Chloroflexi,0.308059892,M2,42,6,4,31.83056408,0.639560753,0.478513357,412,6,0.478510029,0.576047904,726.4853661
71,Chthoniobacter flavus,Chthoniobacter flavus,Verrucomicrobia,0.396499986,M2,21,6,18,15.95862919,0.128160233,0.538095238,113,5,0.405339806,0.471756487,275.3030885
72,Agrobacterium tumefaciens,Agrobacterium tumefaciens,Proteobacteria,0.594685613,M3,6,1,10,4.46853137,0.011238105,0.6,9,6,0.265079365,0.311676647,221.1249858
73,Nordella oligomobilis,Nordella oligomobilis,Proteobacteria,0.257403157,M1,30,0,54,22.85134,0.51758018,0.6,261,7,0.407317073,0.508340462,244.0831238
74,[Polyangium] brachysporum,[Polyangium] brachysporum,Proteobacteria,0.436986755,M7,2,7,36,1.57E+00,6.75E-04,0,0,2,0.75,0.833333333,2
75,Peribacillus muralis,Peribacillus muralis,Firmicutes,0.10813636,M1,13,0,50,9.768221378,0.208157866,0.782051282,61,7,0.341513292,0.411434274,11.22167809
76,[Brevibacterium] frigoritolerans,[Brevibacterium] frigoritolerans,Firmicutes,0.386136919,M1,31,0,24,23.3844375,0.560410673,0.696774194,324,7,0.402409639,0.50774166,120.9143755
77,Peribacillus simplex,Peribacillus simplex,Firmicutes,0.207454457,M1,28,0,23,20.99134243,0.48746116,0.685185185,259,7,0.370288248,0.477102937,116.9005044
78,Bacillus megaterium,Bacillus megaterium,Firmicutes,0.331489437,M1,36,0,1,27.83788574,0.662250905,0.688888889,434,7,0.41959799,0.529897348,41.33006722
79,Microbacterium saccharophilum,Microbacterium saccharophilum,Actinobacteria,0.253862978,M3,18,1,10,13.39788699,0.054901815,0.620915033,95,5,0.362255965,0.429540918,71.36774781
80,Tepidisphaera mucosa,Tepidisphaera mucosa,Planctomycetes,0.199022396,M1,3,9,48,2.212047279,0.060051984,1,3,7,0.340816327,0.383989165,0
81,Candidatus Saccharibacteria bacterium oral taxon 955,Candidatus Saccharibacteria bacterium oral taxon 955,Candidatus Saccharibacteria,0.594556879,M3,15,1,10,11.40356708,0.03121437,0.428571429,45,5,0.325536062,0.390918164,298.9180008
82,Arthrobacter crystallopoietes,Arthrobacter crystallopoietes,Actinobacteria,0.124099346,M3,23,1,10,18.2650007,0.063715808,0.632411067,160,5,0.346473029,0.427744511,54.5525347
83,Aciditerrimonas ferrireducens,Aciditerrimonas ferrireducens,Actinobacteria,0.868759792,M1,56,9,42,44.43112713,0.854932658,0.446103896,687,6,0.457534247,0.59740519,466.6948434
84,Aquihabitans daechungensis,Aquihabitans daechungensis,Actinobacteria,0.155381651,M1,5,9,25,3.726645231,0.074398068,0.9,9,7,0.328740157,0.378100941,0.126923077
85,Candidatus Saccharibacteria bacterium YM_S32_TM7_50_20,Candidatus Saccharibacteria bacterium YM_S32_TM7_50_20,Candidatus Saccharibacteria,0.33844106,M2,13,6,46,9.65E+00,0.161912997,0.58974359,46,7,0.367032967,0.430496151,20.11217778
86,Microcoleus sp. PCC 7113,Microcoleus sp. PCC 7113,Cyanobacteria,2.715316872,M5,4,4,43,3.001340032,0.00162857,0.5,3,2,0.75,0.833333333,5
87,Ilumatobacter fluminis,Ilumatobacter fluminis,Actinobacteria,0.64778829,M1,19,9,25,14.50833905,0.214690473,0.50877193,87,5,0.42278481,0.482734531,439.0443698
88,Tepidiforma bonchosmolovskayae,Tepidiforma bonchosmolovskayae,Chloroflexi,0.162655108,M1,32,9,51,24.41319656,0.440647536,0.574596774,285,6,0.412345679,0.511277445,111.4662923
89,Pseudorhodoferax soli,Pseudorhodoferax soli,Proteobacteria,0.131759005,M3,3,1,10,2.217780471,0.001839361,0.333333333,1,7,0.210592686,0.237895637,166
90,Anabaena cylindrica,Anabaena cylindrica,Cyanobacteria,0.42160307,M4,6,8,56,5.176237822,0.003490366,1,15,1,1,1,0
91,Crinalium epipsammum,Crinalium epipsammum,Cyanobacteria,0.991314333,M4,6,8,56,5.344625533,0.003490366,1,15,1,1,1,0
92,Gloeocapsa sp. PCC 7428,Gloeocapsa sp. PCC 7428,Cyanobacteria,0.257789358,M4,6,8,56,5.05E+00,0.003490366,1,15,1,1,1,0
93,Planctomycetes bacterium Pla85_3_4,Planctomycetes bacterium Pla85_3_4,Planctomycetes,0.242148206,M1,42,0,44,32.62493086,0.746706097,0.605110337,521,6,0.444148936,0.557684631,102.851909
94,Thermostilla marina,Thermostilla marina,Planctomycetes,0.253541144,M1,39,0,39,30.20171452,0.715126889,0.650472335,482,7,0.421717172,0.539078985,57.27722785
95,Planctomycetales bacterium,Planctomycetales bacterium,Planctomycetes,0.549821897,M1,47,0,47,37.2729212,0.812896425,0.555041628,600,7,0.436031332,0.566324494,231.8023691
96,Geitlerinema sp. PCC 7407,Geitlerinema sp. PCC 7407,Cyanobacteria,0.613866943,M5,5,4,43,4.053168654,0.001921449,0.3,3,2,0.857142857,0.916666667,9
97,Bacillus thuringiensis,Bacillus thuringiensis,Firmicutes,0.193036276,M1,2,0,23,1.517937183,0.024019092,1,1,8,0.273322422,0.314577987,0
98,Bacillus cereus,Bacillus cereus,Firmicutes,0.126674022,M1,3,0,50,2.21650511,0.036646381,1,3,8,0.292469352,0.336334474,0
99,Microlunatus phosphovorus,Microlunatus phosphovorus,Actinobacteria,0.307351856,M2,33,9,32,25.44657522,0.442214438,0.465909091,246,5,0.485465116,0.559081836,756.310138
100,Microlunatus panaciterrae,Microlunatus panaciterrae,Actinobacteria,0.167868825,M2,32,9,3,24.46220171,0.437218727,0.52016129,258,6,0.469101124,0.54760479,351.3781804
101,Microlunatus ginsengisoli,Microlunatus ginsengisoli,Actinobacteria,0.407442356,M2,22,9,28,17.17749768,0.282095624,0.653679654,151,6,0.423857868,0.493213573,79.2608081
102,Friedmanniella endophytica,Friedmanniella endophytica,Actinobacteria,0.128283194,M2,13,9,27,9.98773551,0.157645043,0.743589744,58,6,0.402409639,0.455289421,16.91918271
103,Microlunatus aurantiacus,Microlunatus aurantiacus,Actinobacteria,0.288041792,M2,22,6,10,16.82494843,0.137562692,0.437229437,101,5,0.427109974,0.491716567,466.7663782
104,Nitrosospira multiformis,Nitrosospira multiformis,Proteobacteria,0.773432441,M6,4,5,17,3.373112798,0.001827637,1,6,1,1,1,0
105,Gaiella occulta,Gaiella occulta,Actinobacteria,2.105440675,M1,24,9,59,19.22913378,0.322308019,0.65942029,182,6,0.385681293,0.470359281,28.15481898
106,Brevitalea deliciosa,Brevitalea deliciosa,Acidobacteria,0.673020107,M1,43,0,26,33.07105958,0.724713762,0.554817276,501,6,0.450134771,0.562774451,236.1673148
107,Brevitalea aridisoli,Brevitalea aridisoli,Acidobacteria,0.222645041,M2,20,6,11,15.1972779,0.377034644,0.694736842,132,6,0.418546366,0.488922156,25.6972885
108,Solirubrobacter soli,Solirubrobacter soli,Actinobacteria,0.386651854,M1,29,9,25,22.74601626,0.361203544,0.561576355,228,6,0.420654912,0.508582834,254.3425199
109,Niastella hibisci,Niastella hibisci,Bacteroidetes,0.179004296,M9,2,3,12,1.648368835,7.16E-04,1,1,1,1,1,0
110,Terrimonas soli,Terrimonas soli,Bacteroidetes,0.396950555,M2,20,6,18,15.20090187,0.148191211,0.557894737,106,5,0.41959799,0.482235529,280.2947168
111,Agromyces albus,Agromyces albus,Actinobacteria,0.105175483,M3,1,1,10,0.723036408,0.00292597,0,0,6,0.268921095,0.295409182,0
112,Tumebacillus ginsengisoli,Tumebacillus ginsengisoli,Firmicutes,1.254510509,M1,8,0,50,5.907680809,0.164557118,0.821428571,23,7,0.347193347,0.40774166,0.646429899
113,Acidibacter ferrireducens,Acidibacter ferrireducens,Proteobacteria,0.247104456,M1,38,0,53,29.21405929,0.668825608,0.588904694,414,7,0.42278481,0.536883376,79.20347983
114,Candidatus Solibacter usitatus,Candidatus Solibacter usitatus,Acidobacteria,0.372426773,M1,59,0,16,46.62181067,0.967562292,0.476329632,815,6,0.481268012,0.616467066,373.3864773
115,Ammoniphilus resinae,Ammoniphilus resinae,Firmicutes,0.101377837,M1,27,0,33,20.29277742,0.547925143,0.794871795,279,7,0.395734597,0.4927716,8.7561296
116,Bacillus circulans,Bacillus circulans,Firmicutes,0.355627017,M1,41,0,19,31.91651267,0.747030341,0.656097561,538,7,0.426020408,0.545865412,54.98313975
117,Rubrobacter spartanus,Rubrobacter spartanus,Actinobacteria,0.186277753,M1,31,9,51,23.28378278,0.518776319,0.63655914,296,6,0.411330049,0.508782435,103.309829
118,Rubrobacter radiotolerans,Rubrobacter radiotolerans,Actinobacteria,0.46556565,M1,40,9,31,31.56407279,0.66565642,0.556410256,434,6,0.450134771,0.554291417,308.6575716
119,Rubrobacter xylanophilus,Rubrobacter xylanophilus,Actinobacteria,0.216015252,M1,36,9,30,28.09865057,0.585700602,0.596825397,376,6,0.4175,0.524750499,78.94521583
120,Daejeonella oryzae,Daejeonella oryzae,Bacteroidetes,0.110582301,M2,9,6,18,6.694304228,0.08699844,0.833333333,30,6,0.392018779,0.435329341,6.869364616
121,Devosia ginsengisoli,Devosia ginsengisoli,Proteobacteria,0.132467041,M3,8,1,10,6.01808542,0.021001376,0.928571429,26,6,0.284982935,0.332934132,0.438131313
122,Lysobacter caseinilyticus,Lysobacter caseinilyticus,Proteobacteria,0.342624907,M1,2,9,25,1.503254294,0.017160657,1,1,6,0.310986965,0.338123752,0
123,Lysobacter capsici,Lysobacter capsici,Proteobacteria,0.1302142,M3,1,1,10,0.714759529,0.00292597,0,0,6,0.268921095,0.295409182,0
124,Arboricoccus pini,Arboricoccus pini,Proteobacteria,0.126867122,M1,15,9,59,11.37648726,0.161407167,0.723809524,76,6,0.368653422,0.431437126,23.80724965
125,Limisphaera ngatamarikiensis,Limisphaera ngatamarikiensis,Verrucomicrobia,0.39849536,M1,47,0,7,36.37643343,0.773149284,0.534690102,578,7,0.43832021,0.567721699,180.7611533
126,Planctomycetes bacterium ETA_A8,Planctomycetes bacterium ETA_A8,Planctomycetes,0.457970358,M1,51,0,55,39.93784606,0.851324328,0.500392157,638,6,0.463888889,0.590219561,334.7085917
127,Methyloceanibacter caenitepidi,Methyloceanibacter caenitepidi,Proteobacteria,0.262359407,M1,35,0,34,27.19616598,0.627202396,0.616806723,367,7,0.412345679,0.522112917,93.68345863
128,Gemmatirosa kalamazoonesis,Gemmatirosa kalamazoonesis,Gemmatimonadetes,0.56790899,M1,38,9,48,29.84628952,0.535219131,0.510668563,359,6,0.433766234,0.538522954,397.4906085
129,Roseisolibacter agri,Roseisolibacter agri,Gemmatimonadetes,0.210479701,M1,30,9,27,23.1104939,0.492342283,0.645977011,281,6,0.432642487,0.521856287,71.83113638
130,Microvirga aerilata,Microvirga aerilata,Proteobacteria,0.125772885,M2,6,6,18,4.404847026,0.03473023,1,15,6,0.341513292,0.377644711,0
131,Microvirga zambiensis,Microvirga zambiensis,Proteobacteria,0.235647151,M2,16,6,18,12.41440457,0.10721209,0.741666667,89,5,0.416458853,0.468762475,34.17838944
132,Microvirga ossetica,Microvirga ossetica,Proteobacteria,0.766802652,M2,32,6,3,24.82131982,0.22084618,0.403225806,200,5,0.467787115,0.543612774,597.8139059
133,Pedobacter mongoliensis,Pedobacter mongoliensis,Bacteroidetes,0.102858276,M3,10,1,10,7.428649664,0.023682327,0.6,27,5,0.312734082,0.367165669,62.77325822
134,Cohnella abietis,Cohnella abietis,Firmicutes,0.121782139,M1,23,0,15,16.95533901,0.479874348,0.841897233,213,7,0.394799054,0.481394354,6.105116202
135,Gemmatimonas phototrophica,Gemmatimonas phototrophica,Gemmatimonadetes,0.195096016,M1,34,0,32,26.0117569,0.666612937,0.718360071,403,6,0.430412371,0.529840319,27.68258073
136,Microlunatus sp. KUDC0627,Microlunatus sp. KUDC0627,Actinobacteria,0.170379134,M2,25,9,28,19.41338825,0.391611639,0.64,192,6,0.444148936,0.515668663,76.72406606
137,Steroidobacter agariperforans,Steroidobacter agariperforans,Proteobacteria,0.339535297,M1,24,0,5,17.95507956,0.435666286,0.68115942,188,7,0.389277389,0.479298546,33.95141218
138,Solirubrobacter ginsenosidimutans,Solirubrobacter ginsenosidimutans,Actinobacteria,0.197863792,M1,21,9,59,16.34799778,0.256704228,0.738095238,155,6,0.385681293,0.462874251,18.59092304
139,Baekduia soli,Baekduia soli,Actinobacteria,0.392637974,M1,17,9,59,13.54462832,0.201511795,0.764705882,104,6,0.371937639,0.441616766,9.152505398
140,Thioalkalivibrio sulfidiphilus,Thioalkalivibrio sulfidiphilus,Proteobacteria,0.101764039,M1,16,0,30,11.89376634,0.333218418,0.866666667,104,7,0.363834423,0.445166809,2.74268
141,Ramlibacter monticola,Ramlibacter monticola,Proteobacteria,0.139804865,M7,1,7,36,0.762387276,3.56E-04,0,0,3,0.5,0.611111111,0
142,Streptomyces scabiei,Streptomyces scabiei,Actinobacteria,0.27446038,M3,2,1,10,1.456489027,0.00543036,1,1,6,0.280672269,0.311976048,0
143,Microvirga sp. 17 mud 1-3,Microvirga sp. 17 mud 1-3,Proteobacteria,0.181772072,M2,17,6,18,13.13077903,0.10482841,0.580882353,79,5,0.418546366,0.472754491,72.29537283
144,Neobacillus niacini,Neobacillus niacini,Firmicutes,0.175979052,M1,24,0,20,18.30585051,0.443863083,0.815217391,225,7,0.368653422,0.465925292,6.461116748
145,Bacillus sp. S3,Bacillus sp. S3,Firmicutes,0.320289599,M1,21,0,23,15.98975146,0.367392014,0.776190476,163,7,0.356837607,0.44786142,63.83994583
146,Nitrospira defluvii,Nitrospira defluvii,Nitrospirae,0.132595775,M6,4,5,17,3.10E+00,0.001827637,1,6,1,1,1,0
147,Burkholderiales bacterium GJ-E10,Burkholderiales bacterium GJ-E10,Proteobacteria,0.192521341,M1,32,0,9,2.41E+01,0.619607728,0.723790323,359,7,0.412345679,0.516124893,27.82413444
148,Zhizhongheella caldifontis,Zhizhongheella caldifontis,Proteobacteria,0.111419071,M2,3,6,18,2.258325934,0.017551991,1,3,6,0.332007952,0.358682635,0
149,Ramlibacter tataouinensis,Ramlibacter tataouinensis,Proteobacteria,0.508369626,M7,2,7,36,1.519391775,6.75E-04,0,0,2,0.75,0.833333333,2
150,Microvirga brassicacearum,Microvirga brassicacearum,Proteobacteria,0.218396827,M2,16,6,18,11.92985767,0.145979056,0.608333333,73,6,0.423857868,0.477245509,43.88007031
151,Adhaeribacter terreus,Adhaeribacter terreus,Bacteroidetes,0.204815415,M2,14,6,41,1.04E+01,0.161461105,0.692307692,63,6,0.387470998,0.445508982,28.7121905
152,Tetrasphaera duodecadis,Tetrasphaera duodecadis,Actinobacteria,0.237771258,M3,7,1,10,5.241195619,0.02149816,0.666666667,14,5,0.349372385,0.38742515,77.10329987
153,Longimicrobium terrae,Longimicrobium terrae,Gemmatimonadetes,0.161947072,M1,45,9,45,34.75065798,0.750594697,0.543434343,538,6,0.455040872,0.570758483,213.7659375
154,Lautropia mirabilis,Lautropia mirabilis,Proteobacteria,0.105368584,M2,2,6,18,1.430942178,0.011305856,1,1,6,0.320537428,0.345908184,0
155,Nocardioides cavernae,Nocardioides cavernae,Actinobacteria,0.153000076,M3,11,1,10,8.318090558,0.031727884,0.872727273,48,6,0.299283154,0.357285429,1.440039465
156,Nocardioides alpinus,Nocardioides alpinus,Actinobacteria,0.208934895,M3,9,1,10,6.735318244,0.022440862,0.722222222,26,5,0.296625222,0.345908184,4.071760392
157,Rhizobium giardinii,Rhizobium giardinii,Proteobacteria,0.326919388,M2,1,6,18,0.718670607,0.004595919,0,0,6,0.288927336,0.310978044,0
158,Sandaracinus amylolyticus,Sandaracinus amylolyticus,Proteobacteria,0.188981162,M1,13,0,54,9.538180888,0.239703769,0.820512821,64,7,0.378684807,0.443969204,5.441754372
159,Stigmatella aurantiaca,Stigmatella aurantiaca,Proteobacteria,0.196769555,M1,7,0,54,5.137851775,0.122631384,0.857142857,18,7,0.332669323,0.390076989,0.212703963
160,Rhodocytophaga aerolata,Rhodocytophaga aerolata,Bacteroidetes,0.241375803,M2,2,6,18,1.615098,0.002224734,1,1,6,0.258114374,0.280538922,0
161,Rhodoplanes sp. Z2-YC6860,Rhodoplanes sp. Z2-YC6860,Proteobacteria,0.349833998,M1,28,9,59,21.18099189,0.410830455,0.582010582,220,7,0.396674584,0.493370402,82.42712573
162,Egibacter rhizosphaerae,Egibacter rhizosphaerae,Actinobacteria,0.110968503,M1,17,9,59,13.01787692,0.228966018,0.786764706,107,7,0.356837607,0.434887368,5.567418279
163,Flavitalea gansuensis,Flavitalea gansuensis,Bacteroidetes,0.10318011,M2,3,6,18,2.216772556,0.013693701,1,3,5,0.32177264,0.348103792,0
164,Sphingobium mellinum,Sphingobium mellinum,Proteobacteria,0.236612654,M3,2,1,10,1.450709522,0.003084655,1,1,6,0.268921095,0.294411178,0
165,Sphingobium fuliginis,Sphingobium fuliginis,Proteobacteria,0.162333274,M3,4,1,10,2.949677229,0.007496557,0.666666667,4,6,0.272430669,0.306387226,1.767929293
166,Amaricoccus macauensis,Amaricoccus macauensis,Proteobacteria,0.143023209,M2,10,6,18,7.351202607,0.094387708,0.444444444,20,5,0.416458853,0.456786427,47.61111073
167,Bdellovibrio bacteriovorus,Bdellovibrio bacteriovorus,Proteobacteria,0.140062333,M2,16,6,13,11.72312438,0.211118021,0.683333333,82,6,0.4175,0.475249501,38.7919332
168,Nitrobacter winogradskyi,Nitrobacter winogradskyi,Proteobacteria,0.105883519,M6,4,5,17,3.215267539,0.001827637,1,6,1,1,1,0
169,Rhodoplanes azumiensis,Rhodoplanes azumiensis,Proteobacteria,0.122103973,M1,3,9,47,2.20E+00,0.059488689,1,3,7,0.326810176,0.375506131,0
170,Trichocoleus desertorum,Trichocoleus desertorum,Cyanobacteria,0.177073289,M5,1,4,43,7.45E-01,4.82E-04,0,0,3,0.5,0.555555556,0
171,Polyangium fumosum,Polyangium fumosum,Proteobacteria,0.139354297,M1,11,0,5,8.05E+00,0.204318663,0.781818182,43,7,0.347193347,0.414927288,1.17039696
172,Blastococcus saxobsidens,Blastococcus saxobsidens,Actinobacteria,0.243435544,M3,9,1,10,6.61E+00,0.06089876,0.416666667,15,5,0.391100703,0.433832335,366.7261651
173,Candidatus Saccharibacteria bacterium oral taxon 957,Candidatus Saccharibacteria bacterium oral taxon 957,Candidatus Saccharibacteria,0.148816229,M3,2,1,10,1.510160029,0.002678968,1,1,6,0.247407407,0.275449102,0
174,Georgfuchsia toluolica,Georgfuchsia toluolica,Proteobacteria,0.175142283,M1,25,0,33,1.90E+01,0.525305121,0.846666667,254,7,0.37360179,0.474607927,5.798554336
175,Legionella pneumophila,Legionella pneumophila,Proteobacteria,0.190075399,M2,3,6,46,2.171564221,0.037658712,1,3,7,0.335341365,0.372212717,0
176,Planctomycetes bacterium ETA_A1,Planctomycetes bacterium ETA_A1,Planctomycetes,0.147850725,M1,2,9,47,1.428773582,0.037368089,1,1,7,0.316888046,0.359737668,0
177,Caldilinea aerophila,Caldilinea aerophila,Chloroflexi,0.220971502,M2,34,6,15,2.57E+01,0.551788373,0.557932264,313,6,0.421717172,0.522255489,140.9161504
178,Sphaerobacter thermophilus,Sphaerobacter thermophilus,Chloroflexi,0.127510791,M1,3,9,59,2.234917521,0.03216743,1,3,7,0.306985294,0.346364414,0
179,Bacillus sp. 1NLA3E,Bacillus sp. 1NLA3E,Firmicutes,0.152549508,M1,35,0,21,26.79544622,0.655551385,0.685714286,408,7,0.397619048,0.511733676,29.5822542
180,Oscillatoria acuminata,Oscillatoria acuminata,Cyanobacteria,0.269568497,M5,1,4,43,0.710291922,4.82E-04,0,0,3,0.5,0.555555556,0
181,Herbaspirillum seropedicae,Herbaspirillum seropedicae,Proteobacteria,0.185955919,M2,4,6,46,2.908049226,0.044964502,0.666666667,4,7,0.334,0.372711719,0.554381972
182,Brevibacillus thermoruber,Brevibacillus thermoruber,Firmicutes,0.141220937,M1,17,9,34,1.26E+01,0.295792259,0.742647059,101,7,0.36784141,0.445765612,6.874777066
183,Acidothermus cellulolyticus,Acidothermus cellulolyticus,Actinobacteria,0.125193583,M1,11,9,59,8.435899079,0.131678034,0.909090909,50,7,0.333333333,0.397063017,0.574912351
184,Haliangium tepidum,Haliangium tepidum,Proteobacteria,0.273301776,M1,35,0,14,27.34653497,0.689077031,0.731092437,435,7,0.432642487,0.536384374,35.44409257
185,Planctomyces sp. SH-PL14,Planctomyces sp. SH-PL14,Planctomycetes,0.232815008,M2,6,6,18,4.35E+00,0.049957992,0.666666667,10,6,0.385681293,0.419860279,6.986227899
186,Planctomycetes bacterium Mal4,Planctomycetes bacterium Mal4,Planctomycetes,0.201339604,M1,13,0,9,9.71E+00,0.271451292,0.897435897,70,7,0.379545455,0.445665811,1.153676912
187,Pseudorhodoplanes sinuspersici,Pseudorhodoplanes sinuspersici,Proteobacteria,0.100154867,M1,1,0,54,0.756178617,0.014543065,0,0,8,0.289930556,0.323360422,0
188,Labilithrix luteola,Labilithrix luteola,Proteobacteria,0.132402674,M2,4,6,41,2.95E+00,0.067876306,1,6,7,0.351578947,0.393071001,0
189,Aliterella antarctica,Aliterella antarctica,Cyanobacteria,0.232879375,M4,6,8,56,4.937386751,0.003490366,1,15,1,1,1,0
190,Cylindrospermum stagnale,Cylindrospermum stagnale,Cyanobacteria,0.13124407,M4,6,8,56,5.070001364,0.003490366,1,15,1,1,1,0
191,Rhizobium leguminosarum,Rhizobium leguminosarum,Proteobacteria,0.119722399,M3,1,1,10,7.22E-01,4.25E-04,0,0,8,0.174139729,0.189157399,0
192,Halomicronema hongdechloris,Halomicronema hongdechloris,Cyanobacteria,0.108200727,M5,3,4,43,2.393048525,0.001339674,1,3,2,0.666666667,0.75,0
193,Loriellopsis cavernicola,Loriellopsis cavernicola,Cyanobacteria,0.143023209,M4,6,8,56,5.30E+00,0.003490366,1,15,1,1,1,0
194,Rhizobacter dauci,Rhizobacter dauci,Proteobacteria,0.145984086,M8,1,2,8,7.79E-01,3.54E-04,0,0,2,0.666666667,0.75,0
195,Chroococcidiopsis thermalis,Chroococcidiopsis thermalis,Cyanobacteria,0.175850319,M4,6,8,56,4.884412229,0.003490366,1,15,1,1,1,0
196,Pseudomonas fluorescens,Pseudomonas fluorescens,Proteobacteria,0.220327833,M10,1,10,57,8.19E-01,3.17E-04,0,0,1,1,1,0
197,Pseudomonas brassicacearum,Pseudomonas brassicacearum,Proteobacteria,0.106462821,M10,1,10,57,8.19E-01,3.17E-04,0,0,1,1,1,0
198,Sorangium cellulosum,Sorangium cellulosum,Proteobacteria,0.177974426,M1,15,0,5,1.11E+01,0.310984162,0.80952381,85,7,0.378684807,0.449857428,3.211908612
199,Conexibacter woesei,Conexibacter woesei,Actinobacteria,0.122876376,M1,11,9,59,8.36E+00,0.113630844,0.945454545,52,7,0.332669323,0.396564015,0.487392493
